{
    "Id": "Policy1637227409700",
    "Version": "2012-10-17",
    "Statement": [
      {
        "Sid": "Stmt1637227405634",
        "Action": [
          "s3:GetBucketVersioning",
          "s3:PutBucketVersioning",
          "s3:ReplicateDelete",
          "s3:ReplicateObject"
        ],
        "Effect": "Allow",
        "Resource": ["arn:aws:s3:::${bucket_name}/*","arn:aws:s3:::${bucket_name}"],
        "Principal": {
          "AWS": [
            "237887854145"
          ]
        }
      }
    ]
  }